{"cameraMode":{"drawMode":0,"name":"Shaded","section":"Shading Mode"},"sceneLighting":false,"audioPlay":false,"sceneViewState":{"m_AlwaysRefresh":false,"showFog":true,"showSkybox":false,"showFlares":true,"showImageEffects":true,"showParticleSystems":true,"showVisualEffectGraphs":true,"m_FxEnabled":true},"in2DMode":false,"pivot":{"x":-31.901819229125978,"y":67.11000061035156,"z":72.47290802001953},"rotation":{"x":-0.0024875777307897808,"y":0.995435357093811,"z":-0.09126370400190354,"w":-0.030754711478948594},"size":11.714508056640625,"orthographic":false}