{"cameraMode":{"drawMode":0,"name":"Shaded","section":"Shading Mode"},"sceneLighting":false,"audioPlay":false,"sceneViewState":{"m_AlwaysRefresh":false,"showFog":true,"showSkybox":false,"showFlares":true,"showImageEffects":true,"showParticleSystems":true,"showVisualEffectGraphs":true,"m_FxEnabled":true},"in2DMode":false,"pivot":{"x":0.48003458976745608,"y":0.8142168521881104,"z":0.6093714237213135},"rotation":{"x":0.25979024171829226,"y":-0.016808196902275087,"z":0.004503019619733095,"w":0.9656330347061157},"size":1.4989910125732422,"orthographic":false}