{"cameraMode":{"drawMode":0,"name":"Shaded","section":"Shading Mode"},"sceneLighting":false,"audioPlay":false,"sceneViewState":{"m_AlwaysRefresh":false,"showFog":true,"showSkybox":false,"showFlares":true,"showImageEffects":true,"showParticleSystems":true,"showVisualEffectGraphs":true,"m_FxEnabled":true},"in2DMode":false,"pivot":{"x":0.1549569070339203,"y":2.7015151977539064,"z":-3.2814152240753176},"rotation":{"x":0.3200465440750122,"y":-0.01980627328157425,"z":0.006691461428999901,"w":0.9472936391830444},"size":1.6346728801727296,"orthographic":false}