{"cameraMode":{"drawMode":0,"name":"Shaded","section":"Shading Mode"},"sceneLighting":false,"audioPlay":false,"sceneViewState":{"m_AlwaysRefresh":false,"showFog":true,"showSkybox":false,"showFlares":true,"showImageEffects":true,"showParticleSystems":true,"showVisualEffectGraphs":true,"m_FxEnabled":true},"in2DMode":false,"pivot":{"x":0.2026658058166504,"y":1.3109248876571656,"z":-0.8977710604667664},"rotation":{"x":0.19409646093845368,"y":0.0000927880682866089,"z":-0.000019625806089607067,"w":0.981100857257843},"size":1.4969189167022706,"orthographic":false}