{"cameraMode":{"drawMode":0,"name":"Shaded","section":"Shading Mode"},"sceneLighting":false,"audioPlay":false,"sceneViewState":{"m_AlwaysRefresh":false,"showFog":true,"showSkybox":false,"showFlares":true,"showImageEffects":true,"showParticleSystems":true,"showVisualEffectGraphs":true,"m_FxEnabled":true},"in2DMode":false,"pivot":{"x":0.24383439123630525,"y":1.1037081480026246,"z":0.8495268821716309},"rotation":{"x":0.1512443721294403,"y":-0.007321178913116455,"z":0.0011171307414770127,"w":0.9885857701301575},"size":1.4361293315887452,"orthographic":false}