{"cameraMode":{"drawMode":0,"name":"Shaded","section":"Shading Mode"},"sceneLighting":false,"audioPlay":false,"sceneViewState":{"m_AlwaysRefresh":false,"showFog":true,"showSkybox":false,"showFlares":true,"showImageEffects":true,"showParticleSystems":true,"showVisualEffectGraphs":true,"m_FxEnabled":true},"in2DMode":false,"pivot":{"x":-0.06943321228027344,"y":0.22428908944129945,"z":-0.1660752296447754},"rotation":{"x":-0.025017255917191507,"y":0.6424895524978638,"z":0.021033883094787599,"w":0.765748143196106},"size":0.654116690158844,"orthographic":false}