{"cameraMode":{"drawMode":0,"name":"Shaded","section":"Shading Mode"},"sceneLighting":false,"audioPlay":false,"sceneViewState":{"m_AlwaysRefresh":false,"showFog":true,"showSkybox":false,"showFlares":true,"showImageEffects":true,"showParticleSystems":true,"showVisualEffectGraphs":true,"m_FxEnabled":true},"in2DMode":false,"pivot":{"x":0.07370114326477051,"y":0.5658427476882935,"z":-0.029954135417938234},"rotation":{"x":0.07340780645608902,"y":0.920606255531311,"z":-0.2110041230916977,"w":0.32027649879455569},"size":1.4969189167022706,"orthographic":false}