{"cameraMode":{"drawMode":0,"name":"Shaded","section":"Shading Mode"},"sceneLighting":false,"audioPlay":false,"sceneViewState":{"m_AlwaysRefresh":false,"showFog":true,"showSkybox":false,"showFlares":true,"showImageEffects":true,"showParticleSystems":true,"showVisualEffectGraphs":true,"m_FxEnabled":true},"in2DMode":false,"pivot":{"x":-0.30260375142097475,"y":0.831125020980835,"z":-0.1849994659423828},"rotation":{"x":0.07340780645608902,"y":0.920606255531311,"z":-0.2110041230916977,"w":0.32027649879455569},"size":1.1229416131973267,"orthographic":false}