{"cameraMode":{"drawMode":0,"name":"Shaded","section":"Shading Mode"},"sceneLighting":false,"audioPlay":false,"sceneViewState":{"m_AlwaysRefresh":false,"showFog":true,"showSkybox":false,"showFlares":true,"showImageEffects":true,"showParticleSystems":true,"showVisualEffectGraphs":true,"m_FxEnabled":true},"in2DMode":false,"pivot":{"x":0.0000117570161819458,"y":0.18887275457382203,"z":-0.0006551593542098999},"rotation":{"x":-0.32591965794563296,"y":-0.6602609753608704,"z":0.3880006670951843,"w":-0.5545383095741272},"size":0.25577741861343386,"orthographic":false}