{"cameraMode":{"drawMode":0,"name":"Shaded","section":"Shading Mode"},"sceneLighting":false,"audioPlay":false,"sceneViewState":{"m_AlwaysRefresh":false,"showFog":true,"showSkybox":false,"showFlares":true,"showImageEffects":true,"showParticleSystems":true,"showVisualEffectGraphs":true,"m_FxEnabled":true},"in2DMode":false,"pivot":{"x":0.09919382631778717,"y":2.0950331687927248,"z":-2.006678342819214},"rotation":{"x":0.1704871505498886,"y":-0.010254070162773133,"z":0.0017728740349411965,"w":0.9854229688644409},"size":0.7706584334373474,"orthographic":false}