{"cameraMode":{"drawMode":0,"name":"Shaded","section":"Shading Mode"},"sceneLighting":false,"audioPlay":false,"sceneViewState":{"m_AlwaysRefresh":false,"showFog":true,"showSkybox":false,"showFlares":true,"showImageEffects":true,"showParticleSystems":true,"showVisualEffectGraphs":true,"m_FxEnabled":true},"in2DMode":false,"pivot":{"x":1.6564688682556153,"y":0.4201359748840332,"z":-0.2668800354003906},"rotation":{"x":0.12300627678632736,"y":0.012003741227090359,"z":-0.001490221475251019,"w":0.9924493432044983},"size":1.1557166576385499,"orthographic":false}