{"cameraMode":{"drawMode":0,"name":"Shaded","section":"Shading Mode"},"sceneLighting":true,"audioPlay":false,"sceneViewState":{"m_AlwaysRefresh":false,"showFog":true,"showSkybox":false,"showFlares":true,"showImageEffects":true,"showParticleSystems":true,"showVisualEffectGraphs":true,"m_FxEnabled":true},"in2DMode":false,"pivot":{"x":-0.22276148200035096,"y":1.2615289688110352,"z":0.9975014925003052},"rotation":{"x":0.23603789508342744,"y":-0.26413029432296755,"z":0.06682194769382477,"w":0.9328946471214294},"size":2.5073132514953615,"orthographic":false}