{"cameraMode":{"drawMode":0,"name":"Shaded","section":"Shading Mode"},"sceneLighting":true,"audioPlay":false,"sceneViewState":{"m_AlwaysRefresh":false,"showFog":true,"showSkybox":false,"showFlares":true,"showImageEffects":true,"showParticleSystems":true,"showVisualEffectGraphs":true,"m_FxEnabled":true},"in2DMode":false,"pivot":{"x":-0.3708686828613281,"y":1.4125709533691407,"z":0.6986808776855469},"rotation":{"x":0.2811771333217621,"y":-0.40943169593811037,"z":0.13423819839954377,"w":0.8576260209083557},"size":2.5073132514953615,"orthographic":false}