{"cameraMode":{"drawMode":0,"name":"Shaded","section":"Shading Mode"},"sceneLighting":false,"audioPlay":false,"sceneViewState":{"m_AlwaysRefresh":false,"showFog":true,"showSkybox":false,"showFlares":true,"showImageEffects":true,"showParticleSystems":true,"showVisualEffectGraphs":true,"m_FxEnabled":true},"in2DMode":false,"pivot":{"x":0.000002942979335784912,"y":0.030558139085769655,"z":0.005238562822341919},"rotation":{"x":0.020453179255127908,"y":0.8644517064094544,"z":-0.5010656118392944,"w":0.03529017046093941},"size":0.49456438422203066,"orthographic":false}