{"cameraMode":{"drawMode":0,"name":"Shaded","section":"Shading Mode"},"sceneLighting":false,"audioPlay":false,"sceneViewState":{"m_AlwaysRefresh":false,"showFog":true,"showSkybox":false,"showFlares":true,"showImageEffects":true,"showParticleSystems":true,"showVisualEffectGraphs":true,"m_FxEnabled":true},"in2DMode":false,"pivot":{"x":-100.5999984741211,"y":55.650001525878909,"z":125.0999984741211},"rotation":{"x":-0.002073717536404729,"y":-0.9950672388076782,"z":-0.09701685607433319,"w":0.02118944376707077},"size":1.4361406564712525,"orthographic":false}