{"cameraMode":{"drawMode":0,"name":"Shaded","section":"Shading Mode"},"sceneLighting":false,"audioPlay":false,"sceneViewState":{"m_AlwaysRefresh":false,"showFog":true,"showSkybox":false,"showFlares":true,"showImageEffects":true,"showParticleSystems":true,"showVisualEffectGraphs":true,"m_FxEnabled":true},"in2DMode":false,"pivot":{"x":-4.470348358154297e-8,"y":0.21508120000362397,"z":-3.8743019104003908e-7},"rotation":{"x":0.07340780645608902,"y":0.920606255531311,"z":-0.2110041230916977,"w":0.32027649879455569},"size":0.2869749665260315,"orthographic":false}