{"cameraMode":{"drawMode":0,"name":"Shaded","section":"Shading Mode"},"sceneLighting":false,"audioPlay":false,"sceneViewState":{"m_AlwaysRefresh":false,"showFog":true,"showSkybox":false,"showFlares":true,"showImageEffects":true,"showParticleSystems":true,"showVisualEffectGraphs":true,"m_FxEnabled":true},"in2DMode":false,"pivot":{"x":-4.470348358154297e-8,"y":0.21508120000362397,"z":-3.8743019104003908e-7},"rotation":{"x":0.020453179255127908,"y":0.8644517064094544,"z":-0.5010656118392944,"w":0.03529017046093941},"size":0.2869749665260315,"orthographic":false}