{"cameraMode":{"drawMode":0,"name":"Shaded","section":"Shading Mode"},"sceneLighting":false,"audioPlay":false,"sceneViewState":{"m_AlwaysRefresh":false,"showFog":true,"showSkybox":false,"showFlares":true,"showImageEffects":true,"showParticleSystems":true,"showVisualEffectGraphs":true,"m_FxEnabled":true},"in2DMode":false,"pivot":{"x":-0.05233012139797211,"y":1.512585163116455,"z":0.02473205327987671},"rotation":{"x":0.020453179255127908,"y":0.8644517064094544,"z":-0.5010656118392944,"w":0.03529017046093941},"size":1.6906055212020875,"orthographic":false}