{"cameraMode":{"drawMode":0,"name":"Shaded","section":"Shading Mode"},"sceneLighting":false,"audioPlay":false,"sceneViewState":{"m_AlwaysRefresh":false,"showFog":true,"showSkybox":true,"showFlares":true,"showImageEffects":true,"showParticleSystems":true,"showVisualEffectGraphs":true,"m_FxEnabled":true},"in2DMode":false,"pivot":{"x":-17.253267288208009,"y":56.780269622802737,"z":64.83486938476563},"rotation":{"x":0.057569053024053577,"y":0.8280578851699829,"z":-0.08651323616504669,"w":0.5509721040725708},"size":5.206009387969971,"orthographic":false}