{"cameraMode":{"drawMode":0,"name":"Shaded","section":"Shading Mode"},"sceneLighting":true,"audioPlay":false,"sceneViewState":{"m_AlwaysRefresh":false,"showFog":true,"showSkybox":true,"showFlares":true,"showImageEffects":true,"showParticleSystems":true,"showVisualEffectGraphs":true,"m_FxEnabled":true},"in2DMode":false,"pivot":{"x":918.5030517578125,"y":689.3515014648438,"z":27.8150634765625},"rotation":{"x":-0.021415099501609803,"y":0.0030965283513069154,"z":-0.00010018484317697585,"w":-0.9997916221618652},"size":604.781982421875,"orthographic":false}