{"cameraMode":{"drawMode":0,"name":"Shaded","section":"Shading Mode"},"sceneLighting":true,"audioPlay":false,"sceneViewState":{"m_AlwaysRefresh":false,"showFog":true,"showSkybox":true,"showFlares":true,"showImageEffects":true,"showParticleSystems":true,"showVisualEffectGraphs":true,"m_FxEnabled":true},"in2DMode":false,"pivot":{"x":-58.851924896240237,"y":59.01454162597656,"z":19.42571258544922},"rotation":{"x":-0.004327024798840284,"y":0.9916260242462158,"z":-0.03464142605662346,"w":-0.12461764365434647},"size":10.79563045501709,"orthographic":false}