{"cameraMode":{"drawMode":0,"name":"Shaded","section":"Shading Mode"},"sceneLighting":false,"audioPlay":false,"sceneViewState":{"m_AlwaysRefresh":false,"showFog":true,"showSkybox":true,"showFlares":true,"showImageEffects":true,"showParticleSystems":true,"showVisualEffectGraphs":true,"m_FxEnabled":true},"in2DMode":false,"pivot":{"x":817.5836791992188,"y":783.9569091796875,"z":57.50334548950195},"rotation":{"x":0.016499096527695657,"y":-0.004499365109950304,"z":0.0000742497795727104,"w":0.9998534917831421},"size":475.9349670410156,"orthographic":true}