{"cameraMode":{"drawMode":0,"name":"Shaded","section":"Shading Mode"},"sceneLighting":true,"audioPlay":false,"sceneViewState":{"m_AlwaysRefresh":false,"showFog":true,"showSkybox":true,"showFlares":true,"showImageEffects":true,"showParticleSystems":true,"showVisualEffectGraphs":true,"m_FxEnabled":true},"in2DMode":false,"pivot":{"x":2.4600000381469728,"y":3.869999885559082,"z":45.869998931884769},"rotation":{"x":-0.08615857362747193,"y":0.9123363494873047,"z":-0.2542749047279358,"w":-0.30913683772087099},"size":15.789063453674317,"orthographic":false}