{"cameraMode":{"drawMode":0,"name":"Shaded","section":"Shading Mode"},"sceneLighting":true,"audioPlay":false,"sceneViewState":{"m_AlwaysRefresh":false,"showFog":true,"showSkybox":true,"showFlares":true,"showImageEffects":true,"showParticleSystems":true,"showVisualEffectGraphs":true,"m_FxEnabled":true},"in2DMode":false,"pivot":{"x":-5.609081268310547,"y":76.00484466552735,"z":21.34356689453125},"rotation":{"x":-0.12856370210647584,"y":-0.07667979598045349,"z":0.009971296414732933,"w":-0.9886828064918518},"size":43.139190673828128,"orthographic":false}