{"cameraMode":{"drawMode":0,"name":"Shaded","section":"Shading Mode"},"sceneLighting":true,"audioPlay":false,"sceneViewState":{"m_AlwaysRefresh":false,"showFog":true,"showSkybox":true,"showFlares":true,"showImageEffects":true,"showParticleSystems":true,"showVisualEffectGraphs":true,"m_FxEnabled":true},"in2DMode":false,"pivot":{"x":-19.606781005859376,"y":105.82276153564453,"z":61.162879943847659},"rotation":{"x":0.05360005050897598,"y":0.9125353097915649,"z":-0.12702329456806184,"w":0.3850618600845337},"size":11.397584915161133,"orthographic":false}