{"cameraMode":{"drawMode":0,"name":"Shaded","section":"Shading Mode"},"sceneLighting":true,"audioPlay":false,"sceneViewState":{"m_AlwaysRefresh":false,"showFog":true,"showSkybox":true,"showFlares":true,"showImageEffects":true,"showParticleSystems":true,"showVisualEffectGraphs":true,"m_FxEnabled":true},"in2DMode":false,"pivot":{"x":970.2913818359375,"y":537.8390502929688,"z":-26.938108444213868},"rotation":{"x":0.007018685340881348,"y":-0.5895973443984985,"z":-0.005124224815517664,"w":-0.807650625705719},"size":157.52059936523438,"orthographic":false}