{"cameraMode":{"drawMode":0,"name":"Shaded","section":"Shading Mode"},"sceneLighting":false,"audioPlay":false,"sceneViewState":{"m_AlwaysRefresh":false,"showFog":true,"showSkybox":false,"showFlares":true,"showImageEffects":true,"showParticleSystems":true,"showVisualEffectGraphs":true,"m_FxEnabled":true},"in2DMode":false,"pivot":{"x":1.4901161193847657e-8,"y":0.16695523262023927,"z":1.4901161193847657e-8},"rotation":{"x":0.07340780645608902,"y":0.920606255531311,"z":-0.2110041230916977,"w":0.32027649879455569},"size":0.3189454674720764,"orthographic":false}