{"cameraMode":{"drawMode":0,"name":"Shaded","section":"Shading Mode"},"sceneLighting":true,"audioPlay":false,"sceneViewState":{"m_AlwaysRefresh":false,"showFog":true,"showSkybox":false,"showFlares":true,"showImageEffects":true,"showParticleSystems":true,"showVisualEffectGraphs":true,"m_FxEnabled":true},"in2DMode":false,"pivot":{"x":-100.70308685302735,"y":55.481231689453128,"z":125.9394302368164},"rotation":{"x":0.08039896190166474,"y":-0.6644540429115295,"z":0.07225968688726425,"w":0.7394880652427673},"size":1.7896926403045655,"orthographic":false}