{"cameraMode":{"drawMode":0,"name":"Shaded","section":"Shading Mode"},"sceneLighting":false,"audioPlay":false,"sceneViewState":{"m_AlwaysRefresh":false,"showFog":true,"showSkybox":false,"showFlares":true,"showImageEffects":true,"showParticleSystems":true,"showVisualEffectGraphs":true,"m_FxEnabled":true},"in2DMode":false,"pivot":{"x":-0.05155229568481445,"y":1.0117695331573487,"z":-0.00002849102020263672},"rotation":{"x":0.12149989604949951,"y":-0.02075131982564926,"z":0.0025391457602381708,"w":0.9924883246421814},"size":1.3672631978988648,"orthographic":false}