{"cameraMode":{"drawMode":0,"name":"Shaded","section":"Shading Mode"},"sceneLighting":true,"audioPlay":false,"sceneViewState":{"m_AlwaysRefresh":false,"showFog":true,"showSkybox":true,"showFlares":true,"showImageEffects":true,"showParticleSystems":true,"showVisualEffectGraphs":true,"m_FxEnabled":true},"in2DMode":false,"pivot":{"x":-118.73329162597656,"y":184.22024536132813,"z":191.65530395507813},"rotation":{"x":-0.14545045793056489,"y":-0.8414598703384399,"z":0.4399861991405487,"w":-0.2780163884162903},"size":10.902033805847168,"orthographic":false}