{"cameraMode":{"drawMode":0,"name":"Shaded","section":"Shading Mode"},"sceneLighting":true,"audioPlay":false,"sceneViewState":{"m_AlwaysRefresh":false,"showFog":true,"showSkybox":true,"showFlares":true,"showImageEffects":true,"showParticleSystems":true,"showVisualEffectGraphs":true,"m_FxEnabled":true},"in2DMode":false,"pivot":{"x":-104.76661682128906,"y":58.33244323730469,"z":107.54702758789063},"rotation":{"x":-0.11328524351119995,"y":-0.5495374202728272,"z":0.07539349049329758,"w":-0.8243402242660523},"size":2.9699809551239015,"orthographic":false}