{"cameraMode":{"drawMode":0,"name":"Shaded","section":"Shading Mode"},"sceneLighting":false,"audioPlay":false,"sceneViewState":{"m_AlwaysRefresh":false,"showFog":true,"showSkybox":false,"showFlares":true,"showImageEffects":true,"showParticleSystems":true,"showVisualEffectGraphs":true,"m_FxEnabled":true},"in2DMode":false,"pivot":{"x":-0.10490716993808747,"y":1.3455575704574586,"z":-1.760114312171936},"rotation":{"x":0.14223618805408479,"y":0.03869123011827469,"z":-0.005565487779676914,"w":0.9891782999038696},"size":0.11234039068222046,"orthographic":false}