{"cameraMode":{"drawMode":0,"name":"Shaded","section":"Shading Mode"},"sceneLighting":false,"audioPlay":false,"sceneViewState":{"m_AlwaysRefresh":false,"showFog":true,"showSkybox":false,"showFlares":true,"showImageEffects":true,"showParticleSystems":true,"showVisualEffectGraphs":true,"m_FxEnabled":true},"in2DMode":false,"pivot":{"x":0.0064609721302986149,"y":0.5078962445259094,"z":0.04693728685379028},"rotation":{"x":0.12149989604949951,"y":-0.02075131982564926,"z":0.0025391457602381708,"w":0.9924883246421814},"size":0.8431389331817627,"orthographic":false}