{"cameraMode":{"drawMode":0,"name":"Shaded","section":"Shading Mode"},"sceneLighting":false,"audioPlay":false,"sceneViewState":{"m_AlwaysRefresh":false,"showFog":true,"showSkybox":false,"showFlares":true,"showImageEffects":true,"showParticleSystems":true,"showVisualEffectGraphs":true,"m_FxEnabled":true},"in2DMode":false,"pivot":{"x":-31.901819229125978,"y":67.11000061035156,"z":72.47290802001953},"rotation":{"x":0.000022418462322093546,"y":0.9992035031318665,"z":-0.007424287497997284,"w":-0.04134877026081085},"size":11.714508056640625,"orthographic":false}