{"cameraMode":{"drawMode":0,"name":"Shaded","section":"Shading Mode"},"sceneLighting":true,"audioPlay":false,"sceneViewState":{"m_AlwaysRefresh":false,"showFog":true,"showSkybox":true,"showFlares":true,"showImageEffects":true,"showParticleSystems":true,"showVisualEffectGraphs":true,"m_FxEnabled":true},"in2DMode":false,"pivot":{"x":2.309999704360962,"y":3.8999998569488527,"z":13.161901473999024},"rotation":{"x":0.03011241741478443,"y":0.9547894597053528,"z":-0.10381920635700226,"w":0.27693408727645876},"size":23.450469970703126,"orthographic":false}